<?xml version="1.0" encoding="UTF-8"?>
<project-private xmlns="http://www.netbeans.org/ns/project-private/1">
    <editor-bookmarks xmlns="http://www.netbeans.org/ns/editor-bookmarks/2" lastBookmarkId="0"/>
    <open-files xmlns="http://www.netbeans.org/ns/projectui-open-files/2">
        <group>
            <file>file:/C:/projetos/DcontrolAgendamento/Portal_agendamento_groupDigital/app/Http/Controllers/Admin/CondominoController.php</file>
            <file>file:/C:/projetos/DcontrolAgendamento/Portal_agendamento_groupDigital/resources/views/layout/system.blade.php</file>
            <file>file:/C:/projetos/DcontrolAgendamento/Portal_agendamento_groupDigital/app/condomino.php</file>
            <file>file:/C:/projetos/DcontrolAgendamento/Portal_agendamento_groupDigital/resources/views/admin/condomino/index.blade.php</file>
        </group>
    </open-files>
</project-private>
